{"cameraMode":{"drawMode":0,"name":"Shaded","section":"Shading Mode"},"sceneLighting":true,"audioPlay":false,"sceneViewState":{"m_AlwaysRefresh":false,"showFog":true,"showSkybox":true,"showFlares":true,"showImageEffects":true,"showParticleSystems":true,"showVisualEffectGraphs":true,"m_FxEnabled":true},"in2DMode":false,"pivot":{"x":0.1391918957233429,"y":1.5994620323181153,"z":1.1172170639038087},"rotation":{"x":-0.21754217147827149,"y":-0.011129526421427727,"z":0.0024806458968669178,"w":-0.9759870171546936},"size":6.617194175720215,"orthographic":false}